"","Island_Closure","Island","Fish_type","Closure","Ur","Perc_loss","Error","Catch_loss_zeroed","Regional_catch"
"1","Dassen_MIBA","Dassen","Anchovy","MIBA",1.00000002885716,4.66304496603601,"No",8136.42,174487.273
"2","Robben_MIBA","Robben","Anchovy","MIBA",1.00000002637699,2.51758189836573,"No",4392.86,174487.273
"3","Dyer_MIBA","Dyer","Anchovy","MIBA",0.99999998767036,75.3711203071994,"No",29865.67,39624.819
"4","Stony Point_MIBA","Stony Point","Anchovy","MIBA",1.00000000425317,5.33804331068364,"No",2115.19,39624.819
"5","St Croix_MIBA","St Croix","Anchovy","MIBA",0.999999995873298,9.53641910146535,"No",5.33,55.891
"6","Bird_MIBA","Bird","Anchovy","MIBA",1.00000000297321,0.16102771465889,"No",0.09,55.891
"7","Dassen_MIBA","Dassen","Directed sardine","MIBA",1.00000002885716,5.34476215581163,"No",235.2,4400.57
"8","Robben_MIBA","Robben","Directed sardine","MIBA",1.00000002637699,2.84145008487537,"No",125.04,4400.57
"9","Dyer_MIBA","Dyer","Directed sardine","MIBA",0.99999998767036,56.481571691089,"No",19276.22,34128.335
"10","Stony Point_MIBA","Stony Point","Directed sardine","MIBA",1.00000000425317,16.1578348313798,"No",5514.4,34128.335
"11","St Croix_MIBA","St Croix","Directed sardine","MIBA",0.999999995873298,70.8659776777438,"No",2993.15,4223.677
"12","Bird_MIBA","Bird","Directed sardine","MIBA",1.00000000297321,2.46088893634622,"No",103.94,4223.677
"13","Dassen_MIBA","Dassen","Bycatch sardine","MIBA",1.00000002885716,0,"No",0,8478.134
"14","Robben_MIBA","Robben","Bycatch sardine","MIBA",1.00000002637699,0,"Yes",0,8478.134
"15","Dyer_MIBA","Dyer","Bycatch sardine","MIBA",0.99999998767036,56.3709358229846,"No",764.82,1356.763
"16","Stony Point_MIBA","Stony Point","Bycatch sardine","MIBA",1.00000000425317,8.4200409356682,"No",114.24,1356.763
"17","St Croix_MIBA","St Croix","Bycatch sardine","MIBA",0.999999995873298,35.9842435856489,"No",3.38,9.393
"18","Bird_MIBA","Bird","Bycatch sardine","MIBA",1.00000000297321,0,"No",0,9.393
"19","Dassen_MIBA","Dassen","Redeye","MIBA",1.00000002885716,1.21685837393479,"No",413.22,33957.937
"20","Robben_MIBA","Robben","Redeye","MIBA",1.00000002637699,0.732464990438023,"No",248.73,33957.937
"21","Dyer_MIBA","Dyer","Redeye","MIBA",0.99999998767036,19.8063812628307,"No",2399.45,12114.53
"22","Stony Point_MIBA","Stony Point","Redeye","MIBA",1.00000000425317,4.16425565003347,"No",504.48,12114.53
"23","St Croix_MIBA","St Croix","Redeye","MIBA",0.999999995873298,31.3888984598422,"No",9.11,29.023
"24","Bird_MIBA","Bird","Redeye","MIBA",1.00000000297321,2.3085139372222,"No",0.67,29.023
