"","Island_Closure","Island","Fish_type","Closure","Ur","Perc_loss","Error"
"1","Dassen_MIBA","Dassen","Anchovy","MIBA",1.00000002885716,4.66304496603601,"No"
"2","Robben_MIBA","Robben","Anchovy","MIBA",1.00000002637699,2.51758189836573,"No"
"3","Dyer_MIBA","Dyer","Anchovy","MIBA",0.999999990531261,75.3711203071994,"No"
"4","Stony Point_MIBA","Stony Point","Anchovy","MIBA",1.00000000425317,5.33804331068364,"No"
"5","Dassen_MIBA","Dassen","Directed sardine","MIBA",1.00000002885716,5.34476215581163,"No"
"6","Robben_MIBA","Robben","Directed sardine","MIBA",1.00000002637699,2.84145008487537,"No"
"7","Dyer_MIBA","Dyer","Directed sardine","MIBA",0.999999990531261,56.481571691089,"No"
"8","Stony Point_MIBA","Stony Point","Directed sardine","MIBA",1.00000000425317,16.1578348313798,"No"
"9","St Croix_MIBA","St Croix","Directed sardine","MIBA",0.999999995873298,70.8659776777438,"No"
"10","Bird_MIBA","Bird","Directed sardine","MIBA",1.00000000297321,2.46088893634622,"No"
"11","Dassen_MIBA","Dassen","Bycatch sardine","MIBA",1.00000002885716,0,"No"
"12","Robben_MIBA","Robben","Bycatch sardine","MIBA",1.00000002637699,0,"Yes"
"13","Dyer_MIBA","Dyer","Bycatch sardine","MIBA",0.999999990531261,56.3709358229846,"No"
"14","Stony Point_MIBA","Stony Point","Bycatch sardine","MIBA",1.00000000425317,8.4200409356682,"No"
"15","Dassen_MIBA","Dassen","Redeye","MIBA",1.00000002885716,1.21685837393479,"No"
"16","Robben_MIBA","Robben","Redeye","MIBA",1.00000002637699,0.732464990438023,"No"
"17","Dyer_MIBA","Dyer","Redeye","MIBA",0.999999990531261,19.8063812628307,"No"
"18","Stony Point_MIBA","Stony Point","Redeye","MIBA",1.00000000425317,4.16425565003347,"No"
"19","Dassen_mIBA_ARS","Dassen","Anchovy","mIBA_ARS",0.836786204208423,1.57876844118023,"No"
"20","Robben_mIBA_ARS","Robben","Anchovy","mIBA_ARS",0.855175042226776,0.784544326049499,"No"
"21","Dyer_mIBA_ARS","Dyer","Anchovy","mIBA_ARS",0.826441720412244,36.3601408501071,"No"
"22","Stony Point_mIBA_ARS","Stony Point","Anchovy","mIBA_ARS",0.909131477133706,0.569365376785696,"No"
"23","Dassen_mIBA_ARS","Dassen","Directed sardine","mIBA_ARS",0.836786204208423,1.86498567231063,"No"
"24","Robben_mIBA_ARS","Robben","Directed sardine","mIBA_ARS",0.855175042226776,0.215199394623878,"No"
"25","Dyer_mIBA_ARS","Dyer","Directed sardine","mIBA_ARS",0.826441720412244,14.5187862226505,"No"
"26","Stony Point_mIBA_ARS","Stony Point","Directed sardine","mIBA_ARS",0.909131477133706,3.13838925924748,"No"
"27","St Croix_mIBA_ARS","St Croix","Directed sardine","mIBA_ARS",0.858850411666431,41.7065509507474,"No"
"28","Bird_mIBA_ARS","Bird","Directed sardine","mIBA_ARS",0.871237888361939,0.768761437013294,"No"
"29","Dassen_mIBA_ARS","Dassen","Bycatch sardine","mIBA_ARS",0.836786204208423,0,"No"
"30","Robben_mIBA_ARS","Robben","Bycatch sardine","mIBA_ARS",0.855175042226776,0.528654064679799,"No"
"31","Dyer_mIBA_ARS","Dyer","Bycatch sardine","mIBA_ARS",0.826441720412244,13.3818507727584,"No"
"32","Stony Point_mIBA_ARS","Stony Point","Bycatch sardine","mIBA_ARS",0.909131477133706,0.0434858556726562,"No"
"33","Dassen_mIBA_ARS","Dassen","Redeye","mIBA_ARS",0.836786204208423,0.229195313013273,"No"
"34","Robben_mIBA_ARS","Robben","Redeye","mIBA_ARS",0.855175042226776,0.251163667569087,"No"
"35","Dyer_mIBA_ARS","Dyer","Redeye","mIBA_ARS",0.826441720412244,8.12825590427363,"No"
"36","Stony Point_mIBA_ARS","Stony Point","Redeye","mIBA_ARS",0.909131477133706,0.811587407848261,"No"
"37","Dassen_Original_20km","Dassen","Anchovy","Original_20km",0.921001459027839,2.70028863365869,"No"
"38","Robben_Original_20km","Robben","Anchovy","Original_20km",0.976668852722049,1.38462247616191,"No"
"39","Dyer_Original_20km","Dyer","Anchovy","Original_20km",0.728591501486266,24.5035819595794,"No"
"40","Stony Point_Original_20km","Stony Point","Anchovy","Original_20km",0.952387205814492,0.952584792879432,"No"
"41","Dassen_Original_20km","Dassen","Directed sardine","Original_20km",0.921001459027839,2.3565129062826,"No"
"42","Robben_Original_20km","Robben","Directed sardine","Original_20km",0.976668852722049,1.12849017286397,"No"
"43","Dyer_Original_20km","Dyer","Directed sardine","Original_20km",0.728591501486266,4.63729039227961,"No"
"44","Stony Point_Original_20km","Stony Point","Directed sardine","Original_20km",0.952387205814492,4.14476709748659,"No"
"45","St Croix_Original_20km","St Croix","Directed sardine","Original_20km",0.657147608067217,44.312574091248,"No"
"46","Bird_Original_20km","Bird","Directed sardine","Original_20km",0.957379490362489,0.47683570500301,"No"
"47","Dassen_Original_20km","Dassen","Bycatch sardine","Original_20km",0.921001459027839,0,"No"
"48","Robben_Original_20km","Robben","Bycatch sardine","Original_20km",0.976668852722049,0.817278896511898,"No"
"49","Dyer_Original_20km","Dyer","Bycatch sardine","Original_20km",0.728591501486266,15.0195723202947,"No"
"50","Stony Point_Original_20km","Stony Point","Bycatch sardine","Original_20km",0.952387205814492,3.73020195863242,"No"
"51","Dassen_Original_20km","Dassen","Redeye","Original_20km",0.921001459027839,0.490960331306345,"No"
"52","Robben_Original_20km","Robben","Redeye","Original_20km",0.976668852722049,0.0126627244758714,"Yes"
"53","Dyer_Original_20km","Dyer","Redeye","Original_20km",0.728591501486266,6.38208828571971,"No"
"54","Stony Point_Original_20km","Stony Point","Redeye","Original_20km",0.952387205814492,1.76861999598829,"No"
"55","Dassen_DFFE","Dassen","Anchovy","DFFE",0.915943595829023,0.585366475410502,"No"
"56","Robben_DFFE","Robben","Anchovy","DFFE",0.418487980752887,0.133786261878252,"No"
"57","Dyer_DFFE","Dyer","Anchovy","DFFE",0.776685278053372,13.0511384796483,"No"
"58","Stony Point_DFFE","Stony Point","Anchovy","DFFE",0.0962754932045628,0,"No"
"59","Dassen_DFFE","Dassen","Directed sardine","DFFE",0.915943595829023,2.29447548840264,"No"
"60","Robben_DFFE","Robben","Directed sardine","DFFE",0.418487980752887,0.0445396846317636,"No"
"61","Dyer_DFFE","Dyer","Directed sardine","DFFE",0.776685278053372,7.26627888527231,"No"
"62","Stony Point_DFFE","Stony Point","Directed sardine","DFFE",0.0962754932045628,0,"No"
"63","St Croix_DFFE","St Croix","Directed sardine","DFFE",0.738848857797533,28.7294696066958,"No"
"64","Bird_DFFE","Bird","Directed sardine","DFFE",0.638647718740601,0.523240768647792,"No"
"65","Dassen_DFFE","Dassen","Bycatch sardine","DFFE",0.915943595829023,0,"No"
"66","Robben_DFFE","Robben","Bycatch sardine","DFFE",0.418487980752887,0,"No"
"67","Dyer_DFFE","Dyer","Bycatch sardine","DFFE",0.776685278053372,8.120062236367,"No"
"68","Stony Point_DFFE","Stony Point","Bycatch sardine","DFFE",0.0962754932045628,0,"No"
"69","Dassen_DFFE","Dassen","Redeye","DFFE",0.915943595829023,0.0319807413506892,"No"
"70","Robben_DFFE","Robben","Redeye","DFFE",0.418487980752887,0,"No"
"71","Dyer_DFFE","Dyer","Redeye","DFFE",0.776685278053372,3.52766471336486,"No"
"72","Stony Point_DFFE","Stony Point","Redeye","DFFE",0.0962754932045628,0,"No"
"73","Dassen_CAF","Dassen","Anchovy","CAF",0.868559725257506,0.57276383705074,"No"
"74","Robben_CAF","Robben","Anchovy","CAF",0.418487980752887,0.139379793046568,"Yes"
"75","Dyer_CAF","Dyer","Anchovy","CAF",0.497557746216075,2.91489028631273,"No"
"76","Stony Point_CAF","Stony Point","Anchovy","CAF",0.33746292697139,0,"No"
"77","Dassen_CAF","Dassen","Directed sardine","CAF",0.868559725257506,2.06359630684207,"No"
"78","Robben_CAF","Robben","Directed sardine","CAF",0.418487980752887,0,"Yes"
"79","Dyer_CAF","Dyer","Directed sardine","CAF",0.497557746216075,0.5673291709074,"No"
"80","Stony Point_CAF","Stony Point","Directed sardine","CAF",0.33746292697139,0.0572837790065059,"No"
"81","St Croix_CAF","St Croix","Directed sardine","CAF",0.376941719274839,10.4832826942022,"No"
"82","Bird_CAF","Bird","Directed sardine","CAF",0.932540466501798,0.862281845889257,"No"
"83","Dassen_CAF","Dassen","Bycatch sardine","CAF",0.868559725257506,0,"No"
"84","Robben_CAF","Robben","Bycatch sardine","CAF",0.418487980752887,0,"Yes"
"85","Dyer_CAF","Dyer","Bycatch sardine","CAF",0.497557746216075,0.0788641789317663,"No"
"86","Stony Point_CAF","Stony Point","Bycatch sardine","CAF",0.33746292697139,0,"No"
"87","Dassen_CAF","Dassen","Redeye","CAF",0.868559725257506,0.107574261651996,"No"
"88","Robben_CAF","Robben","Redeye","CAF",0.418487980752887,0,"Yes"
"89","Dyer_CAF","Dyer","Redeye","CAF",0.497557746216075,0.467125014342282,"No"
"90","Stony Point_CAF","Stony Point","Redeye","CAF",0.33746292697139,0.00693382244296725,"No"
"91","Dassen_Industry","Dassen","Anchovy","Industry",0,0,"No"
"92","Robben_Industry","Robben","Anchovy","Industry",0.418487980752887,0.139173474273966,"Yes"
"93","Dyer_Industry","Dyer","Anchovy","Industry",0,0,"No"
"94","Stony Point_Industry","Stony Point","Anchovy","Industry",0.0962754932045628,0,"Yes"
"95","Dassen_Industry","Dassen","Directed sardine","Industry",0,0,"No"
"96","Robben_Industry","Robben","Directed sardine","Industry",0.418487980752887,0,"Yes"
"97","Dyer_Industry","Dyer","Directed sardine","Industry",0,0,"No"
"98","Stony Point_Industry","Stony Point","Directed sardine","Industry",0.0962754932045628,0,"Yes"
"99","St Croix_Industry","St Croix","Directed sardine","Industry",0.137306908611655,4.70159058090853,"No"
"100","Bird_Industry","Bird","Directed sardine","Industry",0.638647718740601,0.35253642738306,"Yes"
"101","Dassen_Industry","Dassen","Bycatch sardine","Industry",0,0,"No"
"102","Robben_Industry","Robben","Bycatch sardine","Industry",0.418487980752887,0,"Yes"
"103","Dyer_Industry","Dyer","Bycatch sardine","Industry",0,0,"No"
"104","Stony Point_Industry","Stony Point","Bycatch sardine","Industry",0.0962754932045628,0,"Yes"
"105","Dassen_Industry","Dassen","Redeye","Industry",0,0,"No"
"106","Robben_Industry","Robben","Redeye","Industry",0.418487980752887,0,"Yes"
"107","Dyer_Industry","Dyer","Redeye","Industry",0,0,"No"
"108","Stony Point_Industry","Stony Point","Redeye","Industry",0.0962754932045628,0,"Yes"
